title;type
Еретики;Альбомы,https://therails.cc/library/tproduct/292176762-155715541891-eretiki
Комплект открыток "Русский музей" (32 открытки);Альбомы,https://therails.cc/library/tproduct/292176762-252608311361-komplekt-otkritok-russkii-muzei-32-otkri
Ван Гог;Альбомы,https://therails.cc/library/tproduct/292176762-382238089231-van-gog
Энергия ожидания;Альбомы,https://therails.cc/library/tproduct/292176762-953639910751-energiya-ozhidaniya
Contemporary Ethnography;Альбомы,https://therails.cc/library/tproduct/292176762-529147593961-contemporary-ethnography
Дали;Альбомы,https://therails.cc/library/tproduct/292176762-403145371041-dali
Владимир Дмитриев;Альбомы,https://therails.cc/library/tproduct/292176762-853448060531-vladimir-dmitriev
The Beatles. Иллюстрированная биография;Альбомы,https://therails.cc/library/tproduct/292176762-447165193821-the-beatles-illyustrirovannaya-biografiy
Америка;Альбомы,https://therails.cc/library/tproduct/292176762-394541133781-amerika
Рембрандт;Альбомы,https://therails.cc/library/tproduct/292176762-143907391491-rembrandt
Как построен небоскреб;Архитектура,https://therails.cc/library/tproduct/292176762-942222487611-kak-postroen-neboskreb
Резные наличники. Центральная Россия;Архитектура,https://therails.cc/library/tproduct/292176762-166345041331-reznie-nalichniki-tsentralnaya-rossiya
История архитектуры Москвы. Конец XIX в.-первая половина 1930-х годов. Учебное пособие;Архитектура,https://therails.cc/library/tproduct/292176762-181944246201-istoriya-arhitekturi-moskvi-konets-xix-v
Город-коллаж;Архитектура,https://therails.cc/library/tproduct/292176762-821233013691-gorod-kollazh
Анатомия архитектуры. Семь книг о логике, форме и смысле;Архитектура,https://therails.cc/library/tproduct/292176762-113541221651-anatomiya-arhitekturi-sem-knig-o-logike
Орнамент массы. Веймарские эссе;Архитектура,https://therails.cc/library/tproduct/292176762-260875040641-ornament-massi-veimarskie-esse
Конструкции. Почему они стоят и почему разваливаются;Архитектура,https://therails.cc/library/tproduct/292176762-324460708461-konstruktsii-pochemu-oni-stoyat-i-pochem
Научная автобиография;Архитектура,https://therails.cc/library/tproduct/292176762-914606708381-nauchnaya-avtobiografiya
Белый город, Черный город. Архитектура и война в Тель-Авиве и Яффе;Архитектура,https://therails.cc/library/tproduct/292176762-623768343611-belii-gorod-chernii-gorod-arhitektura-i
Круг тотальной архитектуры;Архитектура,https://therails.cc/library/tproduct/292176762-769734042921-krug-totalnoi-arhitekturi
Всем любознайкам известно,что...;Детская литература,https://therails.cc/library/tproduct/292176762-210092807581-vsem-lyuboznaikam-izvestnochto
Красная лошадка;Детская литература,https://therails.cc/library/tproduct/292176762-154169760171-krasnaya-loshadka
Мучавка и великан;Детская литература,https://therails.cc/library/tproduct/292176762-167665385841-muchavka-i-velikan
Завтрак;Детская литература,https://therails.cc/library/tproduct/292176762-458222554561-zavtrak
Чего боятся папы, и другие истории про Катю;Детская литература,https://therails.cc/library/tproduct/292176762-983608959261-chego-boyatsya-papi-i-drugie-istorii-pro
Тапки;Детская литература,https://therails.cc/library/tproduct/292176762-410030428201-tapki
Легенда о Светлом Клане;Детская литература,https://therails.cc/library/tproduct/292176762-898800150791-legenda-o-svetlom-klane
Замечательная ракета;Детская литература,https://therails.cc/library/tproduct/292176762-523559542121-zamechatelnaya-raketa
Приключения Алисы в стране чудес;Детская литература,https://therails.cc/library/tproduct/292176762-449962873371-priklyucheniya-alisi-v-strane-chudes
Что можно делать с облаками?;Детская литература,https://therails.cc/library/tproduct/292176762-800893358451-chto-mozhno-delat-s-oblakami
О языке композиции;Дизайн,https://therails.cc/library/tproduct/292176762-404395120041-o-yazike-kompozitsii
Образцы шрифтов;Дизайн,https://therails.cc/library/tproduct/292176762-522918621031-obraztsi-shriftov
Бложе мой;Дизайн,https://therails.cc/library/tproduct/292176762-311517631521-blozhe-moi
Каллиграфия для всех;Дизайн,https://therails.cc/library/tproduct/292176762-760614702051-kalligrafiya-dlya-vseh
Искусство дизайнера;Дизайн,https://therails.cc/library/tproduct/292176762-200358756711-iskusstvo-dizainera
Модульные системы в графическом дизайне. Пособие для графиков, типографов и оформителей выставок;Дизайн,https://therails.cc/library/tproduct/292176762-114329629061-modulnie-sistemi-v-graficheskom-dizaine
Кроссовки: история мирового безумия (красная);Дизайн,https://therails.cc/library/tproduct/292176762-721358383681-krossovki-istoriya-mirovogo-bezumiya-kra
Патрик Бейти: Анатомия цвета. Об истории красок и цветовых решениях в интерьере;Дизайн,https://therails.cc/library/tproduct/292176762-592057401061-patrik-beiti-anatomiya-tsveta-ob-istorii
Поэтика репродукции;Дизайн,https://therails.cc/library/tproduct/292176762-627712141031-poetika-reproduktsii
Ричард Пулин: Школа дизайна: шрифт. Практическое руководство для студентов и дизайнеров;Дизайн,https://therails.cc/library/tproduct/292176762-962848203501-richard-pulin-shkola-dizaina-shrift-prak
Краткая квир-история искусства;Искусство,https://therails.cc/library/tproduct/292176762-132184782531-kratkaya-kvir-istoriya-iskusstva
Сборник Текущее состояние художественной критики;Искусство,https://therails.cc/library/tproduct/292176762-776835586041-sbornik-tekuschee-sostoyanie-hudozhestve
Искусство и революция;Искусство,https://therails.cc/library/tproduct/292176762-630207659331-iskusstvo-i-revolyutsiya
Путешествие к северному морю: искусство в эпоху постмедиальности;Искусство,https://therails.cc/library/tproduct/292176762-319409006031-puteshestvie-k-severnomu-moryu-iskusstvo
Что такое искусство?;Искусство,https://therails.cc/library/tproduct/292176762-304053897761-chto-takoe-iskusstvo
Изящное искусство создавать себе врагов;Искусство,https://therails.cc/library/tproduct/292176762-837453661451-izyaschnoe-iskusstvo-sozdavat-sebe-vrago
Традиция нового;Искусство,https://therails.cc/library/tproduct/292176762-927359345181-traditsiya-novogo
Искусственный ад. Партиципаторное искусство и политика зрительства;Искусство,https://therails.cc/library/tproduct/292176762-695639011351-iskusstvennii-ad-partitsipatornoe-iskuss
Хронология искусства;Искусство,https://therails.cc/library/tproduct/292176762-361495754001-hronologiya-iskusstva
Почему нельзя научить искусству;Искусство,https://therails.cc/library/tproduct/292176762-647051878991-pochemu-nelzya-nauchit-iskusstvu
Краткая история кураторства;Кураторство,https://therails.cc/library/tproduct/292176762-824772758961-kratkaya-istoriya-kuratorstva
Пять лекций о кураторстве;Кураторство,https://therails.cc/library/tproduct/292176762-927763155831-pyat-lektsii-o-kuratorstve
Делать выставки политически;Кураторство,https://therails.cc/library/tproduct/292176762-715839539921-delat-vistavki-politicheski
Справочник Куратора;Кураторство,https://therails.cc/library/tproduct/292176762-310716997881-spravochnik-kuratora
Осмысляя современное кураторство;Кураторство,https://therails.cc/library/tproduct/292176762-392079196871-osmislyaya-sovremennoe-kuratorstvo
Культура кураторства и кураторство культуры;Кураторство,https://therails.cc/library/tproduct/292176762-529182910761-kultura-kuratorstva-i-kuratorstvo-kultur
Реляционная эстетика/ Постпродукция;Кураторство,https://therails.cc/library/tproduct/292176762-529182910761-kultura-kuratorstva-i-kuratorstvo-kultur
Пути кураторства;Кураторство,https://therails.cc/library/tproduct/292176762-529182910761-kultura-kuratorstva-i-kuratorstvo-kultur
Принцип кураторства;Кураторство,https://therails.cc/library/tproduct/292176762-529182910761-kultura-kuratorstva-i-kuratorstvo-kultur
Партиципаторный музей;Кураторство,https://therails.cc/library/tproduct/292176762-529182910761-kultura-kuratorstva-i-kuratorstvo-kultur
Старик путешествует;Персоналии,https://therails.cc/library/tproduct/292176762-529182910761-kultura-kuratorstva-i-kuratorstvo-kultur
Я/сновидения Набокова;Персоналии,https://therails.cc/library/tproduct/292176762-529182910761-kultura-kuratorstva-i-kuratorstvo-kultur
Эпоха аттракционов;Персоналии,https://therails.cc/library/tproduct/292176762-529182910761-kultura-kuratorstva-i-kuratorstvo-kultur
Тайна нашего времени;Персоналии,https://therails.cc/library/tproduct/292176762-529182910761-kultura-kuratorstva-i-kuratorstvo-kultur
Серые тетради;Персоналии,https://therails.cc/library/tproduct/292176762-529182910761-kultura-kuratorstva-i-kuratorstvo-kultur
Разговоры с Пикассо;Персоналии,https://therails.cc/library/tproduct/292176762-529182910761-kultura-kuratorstva-i-kuratorstvo-kultur
Биография искусства. Свет и тень Рембрандта;Персоналии,https://therails.cc/library/tproduct/292176762-529182910761-kultura-kuratorstva-i-kuratorstvo-kultur
Человек, который стал Пикассо;Персоналии,https://therails.cc/library/tproduct/292176762-529182910761-kultura-kuratorstva-i-kuratorstvo-kultur
Дневники Энди Уорхола;Персоналии,https://therails.cc/library/tproduct/292176762-529182910761-kultura-kuratorstva-i-kuratorstvo-kultur
Банда Рафаэля;Персоналии,https://therails.cc/library/tproduct/292176762-529182910761-kultura-kuratorstva-i-kuratorstvo-kultur
Инсектопедия;Публицистика,https://therails.cc/library/tproduct/292176762-529182910761-kultura-kuratorstva-i-kuratorstvo-kultur
Сказать почти то же самое. Опыты о переводе;Публицистика,https://therails.cc/library/tproduct/292176762-529182910761-kultura-kuratorstva-i-kuratorstvo-kultur
Удивительная история Уильяма Бакеланда;Публицистика,https://therails.cc/library/tproduct/292176762-529182910761-kultura-kuratorstva-i-kuratorstvo-kultur
Как смотреть на мир;Публицистика,https://therails.cc/library/tproduct/292176762-529182910761-kultura-kuratorstva-i-kuratorstvo-kultur
К реке. Путешествие под поверхностью;Публицистика,https://therails.cc/library/tproduct/292176762-529182910761-kultura-kuratorstva-i-kuratorstvo-kultur
Ги Дебор. Критические биографии;Публицистика,https://therails.cc/library/tproduct/292176762-529182910761-kultura-kuratorstva-i-kuratorstvo-kultur
Автопортрет в кабинете;Публицистика,https://therails.cc/library/tproduct/292176762-529182910761-kultura-kuratorstva-i-kuratorstvo-kultur
Бодлер;Публицистика,https://therails.cc/library/tproduct/292176762-529182910761-kultura-kuratorstva-i-kuratorstvo-kultur
Судебный процесс. Антонио Негри и "дело 7 апреля";Публицистика,https://therails.cc/library/tproduct/292176762-529182910761-kultura-kuratorstva-i-kuratorstvo-kultur
Проблема фетиша;Публицистика,https://therails.cc/library/tproduct/292176762-529182910761-kultura-kuratorstva-i-kuratorstvo-kultur
Мифология казанских татар;Социальные науки,https://therails.cc/library/tproduct/292176762-529182910761-kultura-kuratorstva-i-kuratorstvo-kultur
Мая 68-го не было;Социальные науки,https://therails.cc/library/tproduct/292176762-529182910761-kultura-kuratorstva-i-kuratorstvo-kultur
Бормотание художественного множества. Глобальное искусство, политика и постфордизм;Социальные науки,https://therails.cc/library/tproduct/292176762-529182910761-kultura-kuratorstva-i-kuratorstvo-kultur
Новые соединения. Цифровые космополиты в коммуникативную эпоху;Социальные науки,https://therails.cc/library/tproduct/292176762-529182910761-kultura-kuratorstva-i-kuratorstvo-kultur
Человек + машина;Социальные науки,https://therails.cc/library/tproduct/292176762-529182910761-kultura-kuratorstva-i-kuratorstvo-kultur
Индустрия Х.О. Преимущества цифровых технологий для производства;Социальные науки,https://therails.cc/library/tproduct/292176762-529182910761-kultura-kuratorstva-i-kuratorstvo-kultur
Одиссей против хорьков. Веселое введение в финансовые рынки;Социальные науки,https://therails.cc/library/tproduct/292176762-529182910761-kultura-kuratorstva-i-kuratorstvo-kultur
Изобретая будущее. Посткапитализм и мир без труда;Социальные науки,https://therails.cc/library/tproduct/292176762-529182910761-kultura-kuratorstva-i-kuratorstvo-kultur
Пласа. Политика общественного пространства и культуры;Социальные науки,https://therails.cc/library/tproduct/292176762-529182910761-kultura-kuratorstva-i-kuratorstvo-kultur
Книжные магазины;Социальные науки,https://therails.cc/library/tproduct/292176762-529182910761-kultura-kuratorstva-i-kuratorstvo-kultur
Мастер;Урбанистика,https://therails.cc/library/tproduct/292176762-529182910761-kultura-kuratorstva-i-kuratorstvo-kultur
Башня и коробка;Урбанистика,https://therails.cc/library/tproduct/292176762-529182910761-kultura-kuratorstva-i-kuratorstvo-kultur
Психология города. Как быть счастливым в мегаполисе;Урбанистика,https://therails.cc/library/tproduct/292176762-529182910761-kultura-kuratorstva-i-kuratorstvo-kultur
Современный культ памятников. Его сущность и возникновение;Урбанистика,https://therails.cc/library/tproduct/292176762-529182910761-kultura-kuratorstva-i-kuratorstvo-kultur
Как устроен город;Урбанистика,https://therails.cc/library/tproduct/292176762-529182910761-kultura-kuratorstva-i-kuratorstvo-kultur
История городов будущего;Урбанистика,https://therails.cc/library/tproduct/292176762-529182910761-kultura-kuratorstva-i-kuratorstvo-kultur
Код города. 100 наблюдений, которые помогут понять город;Урбанистика,https://therails.cc/library/tproduct/292176762-529182910761-kultura-kuratorstva-i-kuratorstvo-kultur
Урбанизм как образ жизни;Урбанистика,https://therails.cc/library/tproduct/292176762-529182910761-kultura-kuratorstva-i-kuratorstvo-kultur
Среда обитания. Как архитектура влияет на наше поведение и самочувствие;Урбанистика,https://therails.cc/library/tproduct/292176762-529182910761-kultura-kuratorstva-i-kuratorstvo-kultur
Пространство спорта. Стадионы советской Казани;Урбанистика,https://therails.cc/library/tproduct/292176762-529182910761-kultura-kuratorstva-i-kuratorstvo-kultur
Ранние тексты;Философия,https://therails.cc/library/tproduct/292176762-624301115191-rannie-teksti
Польская хонтология. Вещи и люди в годы переходного периода;Философия,https://therails.cc/library/tproduct/292176762-910024890231-polskaya-hontologiya-veschi-i-lyudi-v-go
Адорно в Неаполе. Как страна мечты стала философией;Философия,https://therails.cc/library/tproduct/292176762-320388412081-adorno-v-neapole-kak-strana-mechti-stala
Гранд-отель "Бездна". Биография Франкфуртской школы;Философия,https://therails.cc/library/tproduct/292176762-394823893961-grand-otel-bezdna-biografiya-frankfurtsk
Лекции о Лейбнице. 1980, 1986/87;Философия,https://therails.cc/library/tproduct/292176762-942377804081-lektsii-o-leibnitse-1980-198687
Каннибальские метафизики. Рубежи постструктурной антропологии;Философия,https://therails.cc/library/tproduct/292176762-450782115581-kannibalskie-metafiziki-rubezhi-poststru
О коллекционерах и коллекционировании;Философия,https://therails.cc/library/tproduct/292176762-143274139981-o-kollektsionerah-i-kollektsionirovanii
Метафизика сегодня;Философия,https://therails.cc/library/tproduct/292176762-771724058001-metafizika-segodnya
Археология медиа. О "глубоком времени" аудиовизуальных;Философия,https://therails.cc/library/tproduct/292176762-790646744281-arheologiya-media-o-glubokom-vremeni-aud
Под знаком Сатурна;Философия,https://therails.cc/library/tproduct/292176762-767416004591-pod-znakom-saturna
Предметная фотография в рекламе;Фото и кино,https://therails.cc/library/tproduct/292176762-551340104931-predmetnaya-fotografiya-v-reklame
Другая Семья;Фото и кино,https://therails.cc/library/tproduct/292176762-491024128551-drugaya-semya
Фотография как современное искусство;Фото и кино,https://therails.cc/library/tproduct/292176762-519347792431-fotografiya-kak-sovremennoe-iskusstvo
Лекции по истории фотографии;Фото и кино,https://therails.cc/library/tproduct/292176762-465484823981-lektsii-po-istorii-fotografii
Как делается кино;Фото и кино,https://therails.cc/library/tproduct/292176762-140423369271-kak-delaetsya-kino
Критические биографии Сергей Эйзенштейн;Фото и кино,https://therails.cc/library/tproduct/292176762-563100951761-kriticheskie-biografii-sergei-eizenshtei
Дерек Джармен;Фото и кино,https://therails.cc/library/tproduct/292176762-591563748981-derek-dzharmen
О фотографии;Фото и кино,https://therails.cc/library/tproduct/292176762-141411042781-o-fotografii
Ларс Фон Триер;Фото и кино,https://therails.cc/library/tproduct/292176762-492117609231-lars-fon-trier
Кино;Философия,https://therails.cc/library/tproduct/292176762-104619006291-kino